Mixing_Time,Active_1,Active_2,RM_3,RM_4,Active_3,RM_6,RM_7,RM_8,Active_4,Water,Crashout,Viscosity,PC_1-4,PC_2-4,PC_3-4,PC_4-4,PC_1-5,PC_2-5,PC_3-5,PC_4-5,PC_5-5
0.5,0,2.0,1.28,1.61,1.5,11.11,3.61,1.36,40.0,37.52,0.0,516,-1.2664236449410486,5.491935213202164,0.6885808511117033,-1.0883679137471327,-1.2664236449410486,5.491935213202164,0.6885808511117033,-1.0883679137471327,0.6465156954186293
0.5,0,4.0,1.28,1.61,3.0,11.11,3.61,1.36,25.0,49.02,0.0,3543,-2.86918618525339,-1.8282470224047684,1.162893628950387,-0.9546218262214402,-2.86918618525339,-1.8282470224047684,1.162893628950387,-0.9546218262214402,0.45954073848144555
0.5,0,3.75,1.28,1.61,2.65,11.11,3.61,1.36,28.0,46.62,0.0,2488,-2.582069285365524,-0.4150672383644061,1.0650634157446024,-1.0096573753221985,-2.582069285365524,-0.4150672383644061,1.0650634157446024,-1.0096573753221985,0.23166100837262993
0.5,0,3.9,1.28,1.61,2.55,11.11,3.61,1.36,29.5,45.07,0.0,1914,-2.5985719364240665,0.11844674204050845,1.0264445292004227,-1.0758224635448115,-2.5985719364240665,0.11844674204050845,1.0264445292004227,-1.0758224635448115,-0.31755128225087054
0.5,0,3.91,1.28,1.61,2.51,11.11,3.61,1.36,29.24,45.36,0.0,1875,-2.576872626672883,0.03548151160049225,1.0281457879034726,-1.074735949206009,-2.576872626672883,0.03548151160049225,1.0281457879034726,-1.074735949206009,-0.29990997973323724
1.0,0,2.0,1.28,1.61,1.5,11.11,3.61,1.36,40.0,37.52,0.0,1215,-1.283220498829357,5.470230138977569,0.15022406036126446,-0.6222637060469938,-1.283220498829357,5.470230138977569,0.15022406036126446,-0.6222637060469938,0.6082715285622426
1.0,0,4.0,1.28,1.61,3.0,11.11,3.61,1.36,25.0,49.02,0.0,7745,-2.8859830391417027,-1.8499520966293657,0.6245368381999481,-0.48851761852130154,-2.8859830391417027,-1.8499520966293657,0.6245368381999481,-0.48851761852130154,0.4212965716250593
1.0,0,3.75,1.28,1.61,2.65,11.11,3.61,1.36,28.0,46.62,0.0,4682,-2.5988661392538326,-0.43677231258900084,0.5267066249941631,-0.5435531676220599,-2.5988661392538326,-0.43677231258900084,0.5267066249941631,-0.5435531676220599,0.1934168415162415
1.0,0,3.9,1.28,1.61,2.55,11.11,3.61,1.36,29.5,45.07,0.0,4244,-2.6153687903123743,0.09674166781591292,0.48808773844998327,-0.609718255844673,-2.6153687903123743,0.09674166781591292,0.48808773844998327,-0.609718255844673,-0.3557954491072581
1.0,0,3.91,1.28,1.61,2.51,11.11,3.61,1.36,29.24,45.36,0.0,6681,-2.5936694805611915,0.013776437375897413,0.48978899715303337,-0.60863174150587,-2.5936694805611915,0.013776437375897413,0.48978899715303337,-0.60863174150587,-0.33815414658962467
1.5,0,2.0,1.28,1.61,1.5,11.11,3.61,1.36,40.0,37.52,0.0,1681,-1.3000173527176648,5.4485250647529755,-0.3881327303891756,-0.15615949834685558,-1.3000173527176648,5.4485250647529755,-0.3881327303891756,-0.15615949834685558,0.5700273617058546
1.5,0,4.0,1.28,1.61,3.0,11.11,3.61,1.36,25.0,49.02,0.0,9356,-2.902779893030011,-1.8716571708539604,0.08618004744950909,-0.0224134108211622,-2.902779893030011,-1.8716571708539604,0.08618004744950909,-0.0224134108211622,0.38305240476867153
1.5,0,3.75,1.28,1.61,2.65,11.11,3.61,1.36,28.0,46.62,0.0,8039,-2.6156629931421413,-0.4584773868135962,-0.011650165756276093,-0.07744895992192098,-2.6156629931421413,-0.4584773868135962,-0.011650165756276093,-0.07744895992192098,0.15517267465985407
1.5,0,3.9,1.28,1.61,2.55,11.11,3.61,1.36,29.5,45.07,0.0,7275,-2.6321656442006827,0.07503659359131774,-0.05026905230045608,-0.14361404814453385,-2.6321656442006827,0.07503659359131774,-0.05026905230045608,-0.14361404814453385,-0.39403961596364556
1.5,0,3.91,1.28,1.61,2.51,11.11,3.61,1.36,29.24,45.36,0.0,7199,-2.6104663344495,-0.007928636848697709,-0.04856779359740616,-0.1425275338057313,-2.6104663344495,-0.007928636848697709,-0.04856779359740616,-0.1425275338057313,-0.37639831344601227
2.0,0,2.0,1.28,1.61,1.5,11.11,3.61,1.36,40.0,37.52,0.0,1643,-1.3168142066059727,5.426819990528379,-0.9264895211396142,0.3099447093532836,-1.3168142066059727,5.426819990528379,-0.9264895211396142,0.3099447093532836,0.5317831948494671
2.0,0,4.0,1.28,1.61,3.0,11.11,3.61,1.36,25.0,49.02,0.0,9844,-2.919576746918318,-1.8933622450785559,-0.4521767433009303,0.4436907968789765,-2.919576746918318,-1.8933622450785559,-0.4521767433009303,0.4436907968789765,0.34480823791228404
2.0,0,3.75,1.28,1.61,2.65,11.11,3.61,1.36,28.0,46.62,0.0,8717,-2.6324598470304488,-0.48018246103819157,-0.5500069565067153,0.38865524777821786,-2.6324598470304488,-0.48018246103819157,-0.5500069565067153,0.38865524777821786,0.11692850780346656
2.0,0,3.9,1.28,1.61,2.55,11.11,3.61,1.36,29.5,45.07,0.0,7591,-2.6489624980889905,0.05333151936672231,-0.5886258430508956,0.322490159555605,-2.6489624980889905,0.05333151936672231,-0.5886258430508956,0.322490159555605,-0.4322837828200331
2.0,0,3.91,1.28,1.61,2.51,11.11,3.61,1.36,29.24,45.36,0.0,7371,-2.6272631883378077,-0.029633711073293375,-0.5869245843478453,0.32357667389440753,-2.6272631883378077,-0.029633711073293375,-0.5869245843478453,0.32357667389440753,-0.4146424803023998
2.5,0,2.0,1.28,1.61,1.5,11.11,3.61,1.36,40.0,37.52,0.0,1281,-1.333611060494281,5.405114916303785,-1.4648463118900537,0.7760489170534226,-1.333611060494281,5.405114916303785,-1.4648463118900537,0.7760489170534226,0.49353902799307975
2.5,0,4.0,1.28,1.61,3.0,11.11,3.61,1.36,25.0,49.02,0.0,9635,-2.9363736008066272,-1.9150673193031518,-0.9905335340513693,0.9097950045791152,-2.9363736008066272,-1.9150673193031518,-0.9905335340513693,0.9097950045791152,0.30656407105589667
2.5,0,3.75,1.28,1.61,2.65,11.11,3.61,1.36,28.0,46.62,0.0,8539,-2.6492567009187575,-0.501887535262787,-1.0883637472571543,0.8547594554783562,-2.6492567009187575,-0.501887535262787,-1.0883637472571543,0.8547594554783562,0.07868434094707911
2.5,0,3.9,1.28,1.61,2.55,11.11,3.61,1.36,29.5,45.07,0.0,7228,-2.665759351977299,0.03162644514212732,-1.126982633801335,0.7885943672557437,-2.665759351977299,0.03162644514212732,-1.126982633801335,0.7885943672557437,-0.47052794967642075
2.5,0,3.91,1.28,1.61,2.51,11.11,3.61,1.36,29.24,45.36,0.0,6860,-2.644060042226116,-0.051338785297888614,-1.1252813750982849,0.7896808815945461,-2.644060042226116,-0.051338785297888614,-1.1252813750982849,0.7896808815945461,-0.45288664715878735
0.5,1,3.89,1.17,1.5,2.89,11.0,3.5,1.25,24.89,48.91,0.0314,3642,-2.1157255424580703,-1.7826997923042474,1.3719113088500619,-0.6866249921942428,-2.1157255424580703,-1.7826997923042474,1.3719113088500619,-0.6866249921942428,0.4269860618200236
0.5,1,3.64,1.17,1.5,2.54,11.0,3.5,1.25,27.89,46.51,0.2276,2492,-1.3948731444346016,-0.29977711853974953,3.097172685655524,1.3564782336531191,-1.3948731444346016,-0.29977711853974953,3.097172685655524,1.3564782336531191,-0.12110305741476131
0.5,1,3.79,1.17,1.5,2.44,11.0,3.5,1.25,29.39,44.96,0.0287,2056,-1.851080130759048,0.16303420760354156,1.2103737927237956,-0.836699098897634,-1.851080130759048,0.16303420760354156,1.2103737927237956,-0.836699098897634,-0.3456994076857888
0.5,1,3.8,1.17,1.5,2.4,11.0,3.5,1.25,29.13,45.25,0.1036,1905,-1.6638008576523282,0.10669355637014045,1.9080463057175818,-0.03464115620198024,-1.6638008576523282,0.10669355637014045,1.9080463057175818,-0.03464115620198024,-0.4502991003033991
1.0,1,1.89,1.17,1.5,1.39,11.0,3.5,1.25,39.89,37.41,0.2266,1036,-0.09823503831706554,5.5851647904550115,2.1730413242068893,1.7331780253801683,-0.09823503831706554,5.5851647904550115,2.1730413242068893,1.7331780253801683,0.25713951878466684
1.0,1,3.89,1.17,1.5,2.89,11.0,3.5,1.25,24.89,48.91,0.0373,7767,-2.119479381876449,-1.802307603280258,0.8883773538848746,-0.1574269069599861,-2.119479381876449,-1.802307603280258,0.8883773538848746,-0.1574269069599861,0.37911276450571973
1.0,1,3.64,1.17,1.5,2.54,11.0,3.5,1.25,27.89,46.51,0.0229,4797,-1.864196280016881,-0.3942465634398308,0.6567422533388151,-0.3664542927541845,-1.864196280016881,-0.3942465634398308,0.6567422533388151,-0.3664542927541845,0.17473464093825833
1.0,1,3.79,1.17,1.5,2.44,11.0,3.5,1.25,29.39,44.96,0.0053,4342,-1.9196069064433452,0.13301117405404933,0.45458406004541,-0.6208316258243354,-1.9196069064433452,0.13301117405404933,0.45458406004541,-0.6208316258243354,-0.3457534639124736
1.0,1,3.8,1.17,1.5,2.4,11.0,3.5,1.25,29.13,45.25,0.0026,6586,-1.9038764338224683,0.049086179076545784,0.43119690237215813,-0.6486185808655529,-1.9038764338224683,0.049086179076545784,0.43119690237215813,-0.6486185808655529,-0.3237056101683353
1.5,1,3.89,1.17,1.5,2.89,11.0,3.5,1.25,24.89,48.91,0.0,9338,-2.2187346153797303,-1.837271646856077,0.0034287368988619327,-0.09020433180604942,-2.2187346153797303,-1.837271646856077,0.0034287368988619327,-0.09020433180604942,0.40174428681548197
1.5,1,3.64,1.17,1.5,2.54,11.0,3.5,1.25,27.89,46.51,0.0041,7949,-1.92255392577547,-0.4226344425921211,-0.05630425143920573,-0.10139498295937012,-1.92255392577547,-0.4226344425921211,-0.05630425143920573,-0.10139498295937012,0.16717312706641832
1.5,1,3.79,1.17,1.5,2.44,11.0,3.5,1.25,29.39,44.96,0.0001,7349,-1.9478992985085397,0.10945766442392173,-0.1320911622445733,-0.21033558137460545,-1.9478992985085397,0.10945766442392173,-0.1320911622445733,-0.21033558137460545,-0.375510939517816
1.5,1,3.8,1.17,1.5,2.4,11.0,3.5,1.25,29.13,45.25,0.0027,7293,-1.9204522196689133,0.02741665168667272,-0.10623068777175154,-0.18144498541059836,-1.9204522196689133,0.02741665168667272,-0.10623068777175154,-0.18144498541059836,-0.3621129826257043
2.0,1,3.89,1.17,1.5,2.89,11.0,3.5,1.25,24.89,48.91,0.0025,9884,-2.230004768221459,-1.858088050212628,-0.511698038688335,0.40263456976447815,-2.230004768221459,-1.858088050212628,-0.511698038688335,0.40263456976447815,0.35941997993455355
2.0,1,3.64,1.17,1.5,2.54,11.0,3.5,1.25,27.89,46.51,0.0141,8860,-1.9172439754774588,-0.4407848333445382,-0.5017409815366761,0.47164800022232417,-1.9172439754774588,-0.4407848333445382,-0.5017409815366761,0.47164800022232417,0.11260840011186725
2.0,1,3.79,1.17,1.5,2.44,11.0,3.5,1.25,29.39,44.96,0.0026,7569,-1.9591694513502678,0.08864126106737069,-0.6472179378317704,0.28250332019592234,-1.9591694513502678,0.08864126106737069,-0.6472179378317704,0.28250332019592234,-0.4178352463987444
2.0,1,3.8,1.17,1.5,2.4,11.0,3.5,1.25,29.13,45.25,0.001,7409,-1.9410072302688959,0.005107281271806791,-0.6603838888331953,0.266479630457676,-1.9410072302688959,0.005107281271806791,-0.6603838888331953,0.266479630457676,-0.39758265426540407
2.5,1,3.89,1.17,1.5,2.89,11.0,3.5,1.25,24.89,48.91,0.0001,9587,-2.252107255114484,-1.880646248470546,-1.0723556439954869,0.8430734713490436,-2.252107255114484,-1.880646248470546,-1.0723556439954869,0.8430734713490436,0.32509274750172534
2.5,1,3.64,1.17,1.5,2.54,11.0,3.5,1.25,27.89,46.51,0.0079,8561,-1.9477470479612848,-0.4646938113218841,-1.0977082098919564,0.8714501671238986,-1.9477470479612848,-0.4646938113218841,-1.0977082098919564,0.8714501671238986,0.08448298051634125
2.5,1,3.79,1.17,1.5,2.44,11.0,3.5,1.25,29.39,44.96,0.0,7270,-1.981714074327019,0.06601196914000922,-1.2097339443519814,0.7208034462708568,-1.981714074327019,0.06601196914000922,-1.2097339443519814,0.7208034462708568,-0.45183606762960943
2.5,1,3.8,1.17,1.5,2.4,11.0,3.5,1.25,29.13,45.25,0.0009,6952,-1.9580251521990668,-0.0166333397875102,-1.1996698801901644,0.7315144504029992,-1.9580251521990668,-0.0166333397875102,-1.1996698801901644,0.7315144504029992,-0.43566361552080995
0.5,5,3.44,0.73,1.06,2.44,10.56,3.06,0.81,24.44,48.46,0.0605,3600,0.6954570110458828,-1.6201462600783376,1.3098387149605328,-0.6463214652472425,0.6954570110458828,-1.6201462600783376,1.3098387149605328,-0.6463214652472425,0.4640858104329032
0.5,5,3.19,0.73,1.06,2.09,10.56,3.06,0.81,27.44,46.06,0.284,2464,1.4766609844980034,-0.12751930043479406,3.288771857348599,1.688724617664766,1.4766609844980034,-0.12751930043479406,3.288771857348599,1.688724617664766,-0.12855843786986795
0.5,5,3.34,0.73,1.06,1.99,10.56,3.06,0.81,28.94,44.51,0.0502,2015,0.943301251563301,0.32288618039059674,1.0776819527380102,-0.877669041316616,0.943301251563301,0.32288618039059674,1.0776819527380102,-0.877669041316616,-0.29619603339830547
0.5,5,3.36,0.73,1.06,1.96,10.56,3.06,0.81,28.69,44.81,0.1084,1864,1.0829915189582253,0.24594190042831462,1.621642692628418,-0.25447422791038227,1.0829915189582253,0.24594190042831462,1.621642692628418,-0.25447422791038227,-0.383365440963273
1.0,5,3.44,0.73,1.06,2.44,10.56,3.06,0.81,24.44,48.46,0.1395,7703,0.8533039102295021,-1.6137693348727264,1.5055504033685465,0.6645990687571851,0.8533039102295021,-1.6137693348727264,1.5055504033685465,0.6645990687571851,0.29690921880102417
1.0,5,3.19,0.73,1.06,2.09,10.56,3.06,0.81,27.44,46.06,0.0684,4749,0.9832414323526365,-0.22586335031954954,0.7470585589201539,-0.15077117401743326,0.9832414323526365,-0.22586335031954954,0.7470585589201539,-0.15077117401743326,0.18506867099014992
1.0,5,3.34,0.73,1.06,1.99,10.56,3.06,0.81,28.94,44.51,0.0059,4219,0.8285712551295948,0.28543385838425256,0.12768929329491932,-0.8853036089997686,0.8285712551295948,0.28543385838425256,0.12768929329491932,-0.8853036089997686,-0.2621401190198287
1.0,5,3.36,0.73,1.06,1.96,10.56,3.06,0.81,28.69,44.81,0.0055,6638,0.8387156499926842,0.18765913327500677,0.12713847775893097,-0.8887700199154503,0.8387156499926842,0.18765913327500677,0.12713847775893097,-0.8887700199154503,-0.253671044409558
1.5,5,3.44,0.73,1.06,2.44,10.56,3.06,0.81,24.44,48.46,0.0012,9351,0.5307699544443887,-1.6846356815175447,-0.31789082621245035,-0.34825998845258926,0.5307699544443887,-1.6846356815175447,-0.31789082621245035,-0.34825998845258926,0.48437839810223804
1.5,5,3.19,0.73,1.06,2.09,10.56,3.06,0.81,27.44,46.06,0.0176,8072,0.8541420131978229,-0.2656262165828097,-0.2633321399473666,-0.22791594576359664,0.8541420131978229,-0.2656262165828097,-0.2633321399473666,-0.22791594576359664,0.22973294943243308
1.5,5,3.34,0.73,1.06,1.99,10.56,3.06,0.81,28.94,44.51,0.0001,7389,0.7989524548132213,0.26166706774579374,-0.46456113263424187,-0.4812238910789318,0.7989524548132213,0.26166706774579374,-0.46456113263424187,-0.4812238910789318,-0.2909183610192813
1.5,5,3.36,0.73,1.06,1.96,10.56,3.06,0.81,28.69,44.81,0.0074,7329,0.8261190888997765,0.16662944891012513,-0.3935635014674442,-0.40234744487381574,0.8261190888997765,0.16662944891012513,-0.3935635014674442,-0.40234744487381574,-0.2950161176845965
2.0,5,3.44,0.73,1.06,2.44,10.56,3.06,0.81,24.44,48.46,0.0057,9835,0.5239211624399244,-1.7047411481796597,-0.8144335896690539,0.16596666821424946,0.5239211624399244,-1.7047411481796597,-0.8144335896690539,0.16596666821424946,0.43878997920167667
2.0,5,3.19,0.73,1.06,2.09,10.56,3.06,0.81,27.44,46.06,0.0207,8774,0.8441982686072736,-0.2862293389310299,-0.7728837118953855,0.27133928233582433,0.8441982686072736,-0.2862293389310299,-0.7728837118953855,0.27133928233582433,0.18642940894561486
2.0,5,3.34,0.73,1.06,1.99,10.56,3.06,0.81,28.94,44.51,0.0069,7657,0.7971882277716105,0.24237917828227948,-0.9397322821406624,0.0575986839486646,0.7971882277716105,0.24237917828227948,-0.9397322821406624,0.0575986839486646,-0.3402605087424199
2.0,5,3.36,0.73,1.06,1.96,10.56,3.06,0.81,28.69,44.81,0.0011,7443,0.7953949483740868,0.14268492409805753,-0.9904599304292541,-0.00361466572705696,0.7953949483740868,0.14268492409805753,-0.9904599304292541,-0.00361466572705696,-0.3229783316791409
2.5,5,3.44,0.73,1.06,2.44,10.56,3.06,0.81,24.44,48.46,0.0042,9656,0.5038082879236679,-1.7269794249250818,-1.3667283895174382,0.6160300595921548,0.5038082879236679,-1.7269794249250818,-1.3667283895174382,0.6160300595921548,0.40299389636001376
2.5,5,3.19,0.73,1.06,2.09,10.56,3.06,0.81,27.44,46.06,0.0125,8596,0.8092738352861832,-0.310849253602811,-1.3874349523812595,0.6497536941410875,0.8092738352861832,-0.310849253602811,-1.3874349523812595,0.6497536941410875,0.16156810136972152
2.5,5,3.34,0.73,1.06,1.99,10.56,3.06,0.81,28.94,44.51,0.0097,7265,0.7865812790554717,0.22166941542989435,-1.45207145590827,0.5536457487836389,0.7865812790554717,0.22166941542989435,-1.45207145590827,0.5536457487836389,-0.38307443242629335
2.5,5,3.36,0.73,1.06,1.96,10.56,3.06,0.81,28.69,44.81,0.0075,6865,0.7927464491650232,0.12325484729565647,-1.4693478823617934,0.5309303582812774,0.7927464491650232,0.12325484729565647,-1.4693478823617934,0.5309303582812774,-0.37166765699835314
0.5,10,2.89,0.17,0.5,1.89,10.0,2.5,0.25,23.89,47.91,0.189,3503,4.442624804704548,-1.4121382091132513,2.085062909945796,0.38352452824747835,4.442624804704548,-1.4121382091132513,2.085062909945796,0.38352452824747835,0.341079262570455
0.5,10,2.64,0.17,0.5,1.54,10.0,2.5,0.25,26.89,45.51,0.321,2496,5.021551519851841,0.04796339675986269,3.213777497359198,1.7400808155032532,5.021551519851841,0.04796339675986269,3.213777497359198,1.7400808155032532,-0.10223186083412
0.5,10,2.79,0.17,0.5,1.44,10.0,2.5,0.25,28.39,43.96,0.2152,1985,4.771158880502035,0.5438688260291322,2.192064369106609,0.5425034826857821,4.771158880502035,0.5438688260291322,2.192064369106609,0.5425034826857821,-0.4787726256190497
0.5,10,2.8,0.17,0.5,1.4,10.0,2.5,0.25,28.13,44.25,0.203,1756,4.7658878891459056,0.4565668817530597,2.080403153813037,0.41312469093708704,4.7658878891459056,0.4565668817530597,2.080403153813037,0.41312469093708704,-0.4412202397816562
1.0,10,2.89,0.17,0.5,1.89,10.0,2.5,0.25,23.89,47.91,0.167,7661,4.377192981606336,-1.4416635869766383,1.342281985758825,0.6143634298881944,4.377192981606336,-1.4416635869766383,1.342281985758825,0.6143634298881944,0.3387403279300273
1.0,10,2.64,0.17,0.5,1.54,10.0,2.5,0.25,26.89,45.51,0.091,4700,4.496298169678173,-0.05549939732482945,0.538259311590478,-0.25340681287238626,4.496298169678173,-0.05549939732482945,0.538259311590478,-0.25340681287238626,0.23489685456725357
1.0,10,2.79,0.17,0.5,1.44,10.0,2.5,0.25,28.39,43.96,0.0178,4221,4.317973711975768,0.45199430006374086,-0.18053441893343344,-1.1023637376199862,4.317973711975768,0.45199430006374086,-0.18053441893343344,-1.1023637376199862,-0.1948489361376893
1.0,10,2.8,0.17,0.5,1.4,10.0,2.5,0.25,28.13,44.25,0.0169,6527,4.337683409350183,0.36870914811122946,-0.18719596568915056,-1.1109017130745231,4.337683409350183,0.36870914811122946,-0.18719596568915056,-1.1109017130745231,-0.17573878321122047
1.5,10,2.89,0.17,0.5,1.89,10.0,2.5,0.25,23.89,47.91,0.012,9293,4.017740662830067,-1.5184662550199948,-0.6363357451126298,-0.5770833823757783,4.017740662830067,-1.5184662550199948,-0.6363357451126298,-0.5770833823757783,0.5534648425951745
1.5,10,2.64,0.17,0.5,1.54,10.0,2.5,0.25,26.89,45.51,0.031,7942,4.346860490671944,-0.09853257238249338,-0.5576178430777738,-0.4289352580615808,4.346860490671944,-0.09853257238249338,-0.5576178430777738,-0.4289352580615808,0.29457604829984696
1.5,10,2.79,0.17,0.5,1.44,10.0,2.5,0.25,28.39,43.96,0.0165,7252,4.298302973543239,0.42982711698776216,-0.7309708175687584,-0.6501615707324493,4.298302973543239,0.42982711698776216,-0.7309708175687584,-0.6501615707324493,-0.23097143018131544
1.5,10,2.8,0.17,0.5,1.4,10.0,2.5,0.25,28.13,44.25,0.012,7227,4.310054221410578,0.3452622789852668,-0.7710835861595448,-0.6971975053603469,4.310054221410578,0.3452622789852668,-0.7710835861595448,-0.6971975053603469,-0.20598587561950782
2.0,10,2.89,0.17,0.5,1.89,10.0,2.5,0.25,23.89,47.91,0.0084,9870,3.9929853594346834,-1.5414510152945735,-1.2081437576981375,-0.14947713384899905,3.9929853594346834,-1.5414510152945735,-1.2081437576981375,-0.14947713384899905,0.5210960773741254
2.0,10,2.64,0.17,0.5,1.54,10.0,2.5,0.25,26.89,45.51,0.025,8717,4.316799554271845,-0.12237045669039548,-1.1517266702199942,-0.026994315650375186,4.316799554271845,-0.12237045669039548,-1.1517266702199942,-0.026994315650375186,0.26612421750235754
2.0,10,2.79,0.17,0.5,1.44,10.0,2.5,0.25,28.39,43.96,0.0145,7618,4.277084758817666,0.4074111060687313,-1.2879116204497916,-0.20544511812862162,4.277084758817666,0.4074111060687313,-1.2879116204497916,-0.20544511812862162,-0.26595148501807037
2.0,10,2.8,0.17,0.5,1.4,10.0,2.5,0.25,28.13,44.25,0.008,7371,4.2844146458477415,0.32213533137180034,-1.3466084011711716,-0.2738688078528303,4.2844146458477415,0.32213533137180034,-1.3466084011711716,-0.2738688078528303,-0.2377018184366298
2.5,10,2.89,0.17,0.5,1.89,10.0,2.5,0.25,23.89,47.91,0.0061,9570,3.971103940583522,-1.5639736667177704,-1.7678721623987603,0.2920311554903819,3.971103940583522,-1.5639736667177704,-1.7678721623987603,0.2920311554903819,0.48660563934031564
2.5,10,2.79,0.17,0.5,1.44,10.0,2.5,0.25,28.39,43.96,0.012,7209,4.254761203882779,0.3848173609760915,-1.8494984263634728,0.2339243957011282,4.254761203882779,0.3848173609760915,-1.8494984263634728,0.2339243957011282,-0.30011551184991686
2.5,10,2.8,0.17,0.5,1.4,10.0,2.5,0.25,28.13,44.25,0.0078,6834,4.267175655875707,0.30035916347776126,-1.8868235931346702,0.19009662433767743,4.267175655875707,0.30035916347776126,-1.8868235931346702,0.19009662433767743,-0.27561957409105425
