Formulation_Number,Main_Formulation_Number,Sub_Formulation_Number,Mixing_Time,Active_1,Active_2,RM_3,RM_4,Active_3,RM_6,RM_7,RM_8,Active_4,Water,Crashout,Viscosity
1,1,1,0.5,0,2,1.28,1.61,1.5,11.11,3.61,1.36,40,37.52,0,516
2,1,2,0.5,0,4,1.28,1.61,3,11.11,3.61,1.36,25,49.02,0,3543
3,1,3,0.5,0,3.75,1.28,1.61,2.65,11.11,3.61,1.36,28,46.62,0,2488
4,1,4,0.5,0,3.9,1.28,1.61,2.55,11.11,3.61,1.36,29.5,45.07,0,1914
5,1,5,0.5,0,3.91,1.28,1.61,2.51,11.11,3.61,1.36,29.24,45.36,0,1875
6,1,1,1,0,2,1.28,1.61,1.5,11.11,3.61,1.36,40,37.52,0,1215
7,1,2,1,0,4,1.28,1.61,3,11.11,3.61,1.36,25,49.02,0,7745
8,1,3,1,0,3.75,1.28,1.61,2.65,11.11,3.61,1.36,28,46.62,0,4682
9,1,4,1,0,3.9,1.28,1.61,2.55,11.11,3.61,1.36,29.5,45.07,0,4244
10,1,5,1,0,3.91,1.28,1.61,2.51,11.11,3.61,1.36,29.24,45.36,0,6681
11,1,1,1.5,0,2,1.28,1.61,1.5,11.11,3.61,1.36,40,37.52,0,1681
12,1,2,1.5,0,4,1.28,1.61,3,11.11,3.61,1.36,25,49.02,0,9356
13,1,3,1.5,0,3.75,1.28,1.61,2.65,11.11,3.61,1.36,28,46.62,0,8039
14,1,4,1.5,0,3.9,1.28,1.61,2.55,11.11,3.61,1.36,29.5,45.07,0,7275
15,1,5,1.5,0,3.91,1.28,1.61,2.51,11.11,3.61,1.36,29.24,45.36,0,7199
16,1,1,2,0,2,1.28,1.61,1.5,11.11,3.61,1.36,40,37.52,0,1643
17,1,2,2,0,4,1.28,1.61,3,11.11,3.61,1.36,25,49.02,0,9844
18,1,3,2,0,3.75,1.28,1.61,2.65,11.11,3.61,1.36,28,46.62,0,8717
19,1,4,2,0,3.9,1.28,1.61,2.55,11.11,3.61,1.36,29.5,45.07,0,7591
20,1,5,2,0,3.91,1.28,1.61,2.51,11.11,3.61,1.36,29.24,45.36,0,7371
21,1,1,2.5,0,2,1.28,1.61,1.5,11.11,3.61,1.36,40,37.52,0,1281
22,1,2,2.5,0,4,1.28,1.61,3,11.11,3.61,1.36,25,49.02,0,9635
23,1,3,2.5,0,3.75,1.28,1.61,2.65,11.11,3.61,1.36,28,46.62,0,8539
24,1,4,2.5,0,3.9,1.28,1.61,2.55,11.11,3.61,1.36,29.5,45.07,0,7228
25,1,5,2.5,0,3.91,1.28,1.61,2.51,11.11,3.61,1.36,29.24,45.36,0,6860
26,2,1,0.5,1,1.89,1.17,1.5,1.39,11,3.5,1.25,39.89,37.41,0.8855,560
27,2,2,0.5,1,3.89,1.17,1.5,2.89,11,3.5,1.25,24.89,48.91,0.0314,3642
28,2,3,0.5,1,3.64,1.17,1.5,2.54,11,3.5,1.25,27.89,46.51,0.2276,2492
29,2,4,0.5,1,3.79,1.17,1.5,2.44,11,3.5,1.25,29.39,44.96,0.0287,2056
30,2,5,0.5,1,3.8,1.17,1.5,2.4,11,3.5,1.25,29.13,45.25,0.1036,1905
31,2,1,1,1,1.89,1.17,1.5,1.39,11,3.5,1.25,39.89,37.41,0.2266,1036
32,2,2,1,1,3.89,1.17,1.5,2.89,11,3.5,1.25,24.89,48.91,0.0373,7767
33,2,3,1,1,3.64,1.17,1.5,2.54,11,3.5,1.25,27.89,46.51,0.0229,4797
34,2,4,1,1,3.79,1.17,1.5,2.44,11,3.5,1.25,29.39,44.96,0.0053,4342
35,2,5,1,1,3.8,1.17,1.5,2.4,11,3.5,1.25,29.13,45.25,0.0026,6586
36,2,1,1.5,1,1.89,1.17,1.5,1.39,11,3.5,1.25,39.89,37.41,0.2268,1735
37,2,2,1.5,1,3.89,1.17,1.5,2.89,11,3.5,1.25,24.89,48.91,0,9338
38,2,3,1.5,1,3.64,1.17,1.5,2.54,11,3.5,1.25,27.89,46.51,0.0041,7949
39,2,4,1.5,1,3.79,1.17,1.5,2.44,11,3.5,1.25,29.39,44.96,0.0001,7349
40,2,5,1.5,1,3.8,1.17,1.5,2.4,11,3.5,1.25,29.13,45.25,0.0027,7293
41,2,1,2,1,1.89,1.17,1.5,1.39,11,3.5,1.25,39.89,37.41,0.8831,1446
42,2,2,2,1,3.89,1.17,1.5,2.89,11,3.5,1.25,24.89,48.91,0.0025,9884
43,2,3,2,1,3.64,1.17,1.5,2.54,11,3.5,1.25,27.89,46.51,0.0141,8860
44,2,4,2,1,3.79,1.17,1.5,2.44,11,3.5,1.25,29.39,44.96,0.0026,7569
45,2,5,2,1,3.8,1.17,1.5,2.4,11,3.5,1.25,29.13,45.25,0.001,7409
46,2,1,2.5,1,1.89,1.17,1.5,1.39,11,3.5,1.25,39.89,37.41,0.2844,1256
47,2,2,2.5,1,3.89,1.17,1.5,2.89,11,3.5,1.25,24.89,48.91,0.0001,9587
48,2,3,2.5,1,3.64,1.17,1.5,2.54,11,3.5,1.25,27.89,46.51,0.0079,8561
49,2,4,2.5,1,3.79,1.17,1.5,2.44,11,3.5,1.25,29.39,44.96,0,7270
50,2,5,2.5,1,3.8,1.17,1.5,2.4,11,3.5,1.25,29.13,45.25,0.0009,6952
51,3,1,0.5,5,1.44,0.73,1.06,0.94,10.56,3.06,0.81,39.44,36.96,1.185,746
52,3,2,0.5,5,3.44,0.73,1.06,2.44,10.56,3.06,0.81,24.44,48.46,0.0605,3600
53,3,3,0.5,5,3.19,0.73,1.06,2.09,10.56,3.06,0.81,27.44,46.06,0.284,2464
54,3,4,0.5,5,3.34,0.73,1.06,1.99,10.56,3.06,0.81,28.94,44.51,0.0502,2015
55,3,5,0.5,5,3.36,0.73,1.06,1.96,10.56,3.06,0.81,28.69,44.81,0.1084,1864
56,3,1,1,5,1.44,0.73,1.06,0.94,10.56,3.06,0.81,39.44,36.96,0.8767,1144
57,3,2,1,5,3.44,0.73,1.06,2.44,10.56,3.06,0.81,24.44,48.46,0.1395,7703
58,3,3,1,5,3.19,0.73,1.06,2.09,10.56,3.06,0.81,27.44,46.06,0.0684,4749
59,3,4,1,5,3.34,0.73,1.06,1.99,10.56,3.06,0.81,28.94,44.51,0.0059,4219
60,3,5,1,5,3.36,0.73,1.06,1.96,10.56,3.06,0.81,28.69,44.81,0.0055,6638
61,3,1,1.5,5,1.44,0.73,1.06,0.94,10.56,3.06,0.81,39.44,36.96,0.2687,1503
62,3,2,1.5,5,3.44,0.73,1.06,2.44,10.56,3.06,0.81,24.44,48.46,0.0012,9351
63,3,3,1.5,5,3.19,0.73,1.06,2.09,10.56,3.06,0.81,27.44,46.06,0.0176,8072
64,3,4,1.5,5,3.34,0.73,1.06,1.99,10.56,3.06,0.81,28.94,44.51,0.0001,7389
65,3,5,1.5,5,3.36,0.73,1.06,1.96,10.56,3.06,0.81,28.69,44.81,0.0074,7329
66,3,1,2,5,1.44,0.73,1.06,0.94,10.56,3.06,0.81,39.44,36.96,1.0586,1643
67,3,2,2,5,3.44,0.73,1.06,2.44,10.56,3.06,0.81,24.44,48.46,0.0057,9835
68,3,3,2,5,3.19,0.73,1.06,2.09,10.56,3.06,0.81,27.44,46.06,0.0207,8774
69,3,4,2,5,3.34,0.73,1.06,1.99,10.56,3.06,0.81,28.94,44.51,0.0069,7657
70,3,5,2,5,3.36,0.73,1.06,1.96,10.56,3.06,0.81,28.69,44.81,0.0011,7443
71,3,1,2.5,5,1.44,0.73,1.06,0.94,10.56,3.06,0.81,39.44,36.96,0.8003,1414
72,3,2,2.5,5,3.44,0.73,1.06,2.44,10.56,3.06,0.81,24.44,48.46,0.0042,9656
73,3,3,2.5,5,3.19,0.73,1.06,2.09,10.56,3.06,0.81,27.44,46.06,0.0125,8596
74,3,4,2.5,5,3.34,0.73,1.06,1.99,10.56,3.06,0.81,28.94,44.51,0.0097,7265
75,3,5,2.5,5,3.36,0.73,1.06,1.96,10.56,3.06,0.81,28.69,44.81,0.0075,6865
76,4,1,0.5,10,0.89,0.17,0.5,0.39,10,2.5,0.25,38.89,36.41,1.21,416
77,4,2,0.5,10,2.89,0.17,0.5,1.89,10,2.5,0.25,23.89,47.91,0.189,3503
78,4,3,0.5,10,2.64,0.17,0.5,1.54,10,2.5,0.25,26.89,45.51,0.321,2496
79,4,4,0.5,10,2.79,0.17,0.5,1.44,10,2.5,0.25,28.39,43.96,0.2152,1985
80,4,5,0.5,10,2.8,0.17,0.5,1.4,10,2.5,0.25,28.13,44.25,0.203,1756
81,4,1,1,10,0.89,0.17,0.5,0.39,10,2.5,0.25,38.89,36.41,1.16,888
82,4,2,1,10,2.89,0.17,0.5,1.89,10,2.5,0.25,23.89,47.91,0.167,7661
83,4,3,1,10,2.64,0.17,0.5,1.54,10,2.5,0.25,26.89,45.51,0.091,4700
84,4,4,1,10,2.79,0.17,0.5,1.44,10,2.5,0.25,28.39,43.96,0.0178,4221
85,4,5,1,10,2.8,0.17,0.5,1.4,10,2.5,0.25,28.13,44.25,0.0169,6527
86,4,1,1.5,10,0.89,0.17,0.5,0.39,10,2.5,0.25,38.89,36.41,1.14,1367
87,4,2,1.5,10,2.89,0.17,0.5,1.89,10,2.5,0.25,23.89,47.91,0.012,9293
88,4,3,1.5,10,2.64,0.17,0.5,1.54,10,2.5,0.25,26.89,45.51,0.031,7942
89,4,4,1.5,10,2.79,0.17,0.5,1.44,10,2.5,0.25,28.39,43.96,0.0165,7252
90,4,5,1.5,10,2.8,0.17,0.5,1.4,10,2.5,0.25,28.13,44.25,0.012,7227
91,4,1,2,10,0.89,0.17,0.5,0.39,10,2.5,0.25,38.89,36.41,1.34,1458
92,4,2,2,10,2.89,0.17,0.5,1.89,10,2.5,0.25,23.89,47.91,0.0084,9870
93,4,3,2,10,2.64,0.17,0.5,1.54,10,2.5,0.25,26.89,45.51,0.025,8717
94,4,4,2,10,2.79,0.17,0.5,1.44,10,2.5,0.25,28.39,43.96,0.0145,7618
95,4,5,2,10,2.8,0.17,0.5,1.4,10,2.5,0.25,28.13,44.25,0.008,7371
96,4,1,2.5,10,0.89,0.17,0.5,0.39,10,2.5,0.25,38.89,36.41,1.4801,1270
97,4,2,2.5,10,2.89,0.17,0.5,1.89,10,2.5,0.25,23.89,47.91,0.0061,9570
98,4,3,2.5,10,2.64,0.17,0.5,1.54,10,2.5,0.25,26.89,45.51,0.234,8524
99,4,4,2.5,10,2.79,0.17,0.5,1.44,10,2.5,0.25,28.39,43.96,0.012,7209
100,4,5,2.5,10,2.8,0.17,0.5,1.4,10,2.5,0.25,28.13,44.25,0.0078,6834
